,Time,User,Tweet
0,2022-08-18 16:27:32+00:00,rmarkdown,Rendering R books to EPUB using Quarto by Sam Parmar https://t.co/ClorTIsH8H #rstats #rmarkdown #quartopub
1,2022-08-18 16:27:18+00:00,rmarkdown,Membuat Web API di R by @depresimuda https://t.co/aWnQb9oUCH #rstats
2,2022-08-18 16:27:09+00:00,rmarkdown,Access and briefly explore Rโs built-in datasets by David Leslie Wilkinson https://t.co/A00qnbyZld #rstats
3,2022-08-18 16:26:57+00:00,rmarkdown,How to Explain Decision Trees To Your Mum by @abuuAishaaa https://t.co/jo4d8FmIPQ #rstats
4,2022-08-18 16:26:45+00:00,rmarkdown,How to manage your R configuration like a pro with config by Adrian Joseph https://t.co/dLHnU1kIVU #rstats
5,2022-08-18 16:26:34+00:00,rmarkdown,Dplyr vs. SQL by @SyedHamedRaza5 https://t.co/Pe5njZhnWr #Dplyr #RStats
6,2022-08-18 16:26:18+00:00,rmarkdown,Working with Survey DataโโโClean and Visualize Likert Scale Questions in R by @martstats in @TDataScience https://t.co/JwKIlxvohw #rstats
7,2022-08-18 16:24:47+00:00,SaudiProject,ูุฒุงุฑุฉ ุงูุตูุงุนุฉ ูุงูุซุฑูุฉ ุงููุนุฏููุฉ ุชุนูู ุนู ุชุฃูู 13 ุดุฑูุฉ ููููุงูุณุฉ ุนูู ุฑุฎุตุฉ ุงุณุชูุดุงู ูุนุงุฏู ุงูุฐูุจ ูุงููุถุฉ ูุงููุญุงุณ ูุงูุฒูู ููโฆ https://t.co/8bSoU8r7PX
8,2022-08-18 16:24:34+00:00,DataScienceDojo,"To reach out to Nathan, email: nathan@datasciencedojo.com"
9,2022-08-18 16:24:24+00:00,SASOGOV,ููู ูุฐู ุงูููุงุณุจุฉ ูุฏูู ูุงุฆุจ ุงููุญุงูุธ ูุฏุนู ุงูุฃุนูุงู ุงููููุฏุณ ููุฏ ุงููุนูู ุฏุฑุนุงู ุชุฐูุงุฑูุงู ูู #ุงูููุงุตูุงุช_ุงูุณุนูุฏูุฉ ูุฑุฆูุณ ููุฏโฆ https://t.co/qfRPpbBIxP
10,2022-08-18 16:21:51+00:00,AbuZare,"""ููู ุงููุนููู ุฃููู ุงูุนุงูู ููุดุชูุฏู ุนููู ุฃููู ุงูุฃุฌูุจูู(1) ูุฑู ูุฌู ุฒูุฌุชู ูุงุจููุชู ููุญู ุฐูู"".
ุงุจู ุญุฌุฑ ุงูุนุณููุงูู | ูุชุญ ุงูุจโฆ https://t.co/17OdVzppZz"
11,2022-08-18 16:18:31+00:00,DataScienceDojo,Apply for Practicum: https://t.co/pfyt88M8hj
12,2022-08-18 16:17:38+00:00,DataScienceDojo,Success stories of our alumni: https://t.co/kWnfk9zhRN
13,2022-08-18 16:17:05+00:00,eng_nadaa,https://t.co/naXb2KZgVR
14,2022-08-18 16:16:58+00:00,eng_nadaa,https://t.co/1maI3Uet3c
15,2022-08-18 16:16:39+00:00,eng_nadaa,โกุงููุณุงุฑ ุงูุตุญูุญ ูุชุตุจุญ Front-End Developer. https://t.co/VU9ESRQFrZ
16,2022-08-18 16:16:15+00:00,harmashcom,"RT @MhamadHarmush: ุฌุงุฑู ุงูุนูู ุนูู ุฅุถุงูุฉ ููุฒุฉ ุฌุฏูุฏุฉ ูููููุน.
ุฃู ุฏูุฑุฉ ุชุชุงุจุนูุง ุณูุตุจุญ ุจุฅููุงูู ูุถุน ุนูุงูุฉ โ ุนูู ุงูุฏุฑูุณ ุงูุชู ุฃูููุชูุง ููู ุชุนุฑู ุฅูู ุฃโฆ"
17,2022-08-18 16:15:18+00:00,DataScienceDojo,Check out our reviews: https://t.co/4z3GyHR4N4
18,2022-08-18 16:14:29+00:00,AJELNEWS24,"ุนุงุฌู ๐ด 
.

.
ูู ุฅูุฌุงุฒ ุฌุฏูุฏ ูููุทู .. ๐ธ๐ฆ๐ธ๐ฆ

ุงุจู ุงููุทู ุงูุจุทู "" ุทุงุฑู ุญุงูุฏู "" ูุญุฑุฒ ุงูููุฏุงููุฉ ุงูุฐูุจูุฉ ูู ููุงูุณุงุช ุงููุงุฑุงุชูโฆ https://t.co/SWSB21YZU8"
19,2022-08-18 16:13:38+00:00,SaudiNews50,"""ุทุงุฑู ุญุงูุฏู"" ูุญุตุฏ ุงูููุฏุงููุฉ ุงูุฐูุจูุฉ ูู ููุงูุณุงุช ุงููุงุฑุงุชูู ุจุนุฏ ููุฒู ูู ููุงุฆู ุฏูุฑุฉ ุฃูุนุงุจ ุงูุชุถุงูู ุงูุฅุณูุงูู."
